{
  "model_type": "CascadePrediction_XGBoost",
  "purpose": "Predict if flight will cause downstream cascade delay",
  "target": "CausedCascade (binary: next flight delayed >15min)",
  "n_features": 24,
  "performance": {
    "f1_score": 0.0894328652622462,
    "recall": 0.8913716905538804,
    "precision": 0.047078148723407966,
    "accuracy": 0.7415933168728732,
    "auc_roc": 0.8975928366509003
  },
  "hyperparameters": {
    "n_estimators": 200,
    "max_depth": 8,
    "learning_rate": 0.05,
    "subsample": 0.8,
    "colsample_bytree": 0.8,
    "scale_pos_weight": 69.24341887873113
  },
  "training_info": {
    "train_samples": 5101920,
    "test_samples": 1700641,
    "cascade_rate": 0.014236209113431805,
    "features": 24
  },
  "risk_tiers": {
    "critical_threshold": 0.8163550496101379,
    "high_threshold": 0.7291357517242432,
    "elevated_threshold": 0.5909782648086548
  }
}